arm,vol,alpha
kmeans_ret,2.8805180947176234,6.893981078499248
pca_load,3.1251943860931783,6.585060252475808
agglo_avg,3.3179582351312726,6.526690059346416
agglo_complete,3.1196737766649774,6.747623364796957
spectral_unsigned,3.800690094015264,5.885930987674748
gics,3.6239461961665427,6.603119596134798
sponge_w60,3.131994556983284,6.460445765507609
fv2a_w60,3.3659036995165663,6.275065895691799
fv3sm_w60,3.1305259638707272,7.015140155878963
sharpe_fixed_w60,3.263293013762172,6.090775218693255
sortino_w60,3.247109831293533,6.372725821589593
sssnetpre,3.2474092779238264,6.837763177754723
k1,5.065556395785718,5.436536379365602
random,4.885476971287929,5.3274745234197125
